num_points,depth_mean,depth_std,depth_min,depth_max,confidence_mean,confidence_std,vertical_alignment_mean,vertical_alignment_std
427,7.115982023365369,0.5232144404978897,6.016038037297811,8.286389739964005,0.3363833795320941,0.11328983433435807,0.0,0.0
