num_points,depth_mean,depth_std,depth_min,depth_max,confidence_mean,confidence_std,vertical_alignment_mean,vertical_alignment_std
959,12.326715472411811,0.15823138375781345,11.993092009544842,12.6101398336436,0.36655775577423044,0.20176783820866187,24.653430944823622,0.3164627675156269
